company_id,year,cfo_sign,cfi_sign,cff_sign,pattern_label
ABB,Dec 2012,+,-,-,REINVESTOR
ABB,Mar 2014,+,-,-,REINVESTOR
ABB,Mar 2014,+,+,+,CASH_ACCUMULATION
ABB,Mar 2015,+,-,-,REINVESTOR
ABB,Mar 2015,-,-,+,DISTRESS
ABB,Mar 2016,+,-,-,REINVESTOR
ABB,Mar 2016,+,-,-,REINVESTOR
ABB,Mar 2017,+,-,-,REINVESTOR
ABB,Mar 2017,+,-,-,REINVESTOR
ABB,Mar 2018,+,-,-,REINVESTOR
ABB,Mar 2018,+,-,+,GROWTH_FINANCING
ABB,Mar 2019,+,-,-,REINVESTOR
ABB,Mar 2019,+,-,+,GROWTH_FINANCING
ABB,Mar 2020,+,-,-,REINVESTOR
ABB,Mar 2020,+,-,+,GROWTH_FINANCING
ABB,Mar 2021,+,-,-,REINVESTOR
ABB,Mar 2021,+,-,-,REINVESTOR
ABB,Mar 2022,+,-,-,REINVESTOR
ABB,Mar 2022,+,-,-,REINVESTOR
ABB,Mar 2023,+,-,-,REINVESTOR
ABB,Mar 2023,+,-,+,GROWTH_FINANCING
ABB,Mar 2024,+,-,-,REINVESTOR
ABB,Mar 2024,+,-,-,REINVESTOR
ADANIENSOL,Mar 2014,+,+,+,CASH_ACCUMULATION
ADANIENSOL,Mar 2015,-,-,+,DISTRESS
ADANIENSOL,Mar 2016,+,-,-,REINVESTOR
ADANIENSOL,Mar 2017,+,-,-,REINVESTOR
ADANIENSOL,Mar 2018,+,-,+,GROWTH_FINANCING
ADANIENSOL,Mar 2019,+,-,+,GROWTH_FINANCING
ADANIENSOL,Mar 2020,+,-,+,GROWTH_FINANCING
ADANIENSOL,Mar 2021,+,-,-,REINVESTOR
ADANIENSOL,Mar 2022,+,-,-,REINVESTOR
ADANIENSOL,Mar 2023,+,-,+,GROWTH_FINANCING
ADANIENSOL,Mar 2024,+,-,-,REINVESTOR
ADANIENT,Mar 2013,+,-,+,GROWTH_FINANCING
ADANIENT,Mar 2014,+,-,-,REINVESTOR
ADANIENT,Mar 2015,+,-,+,GROWTH_FINANCING
ADANIENT,Mar 2016,+,-,-,REINVESTOR
ADANIENT,Mar 2017,+,-,+,GROWTH_FINANCING
ADANIENT,Mar 2018,+,-,+,GROWTH_FINANCING
ADANIENT,Mar 2019,+,+,-,SHAREHOLDER_RETURNS
ADANIENT,Mar 2020,+,-,-,REINVESTOR
ADANIENT,Mar 2021,+,-,+,GROWTH_FINANCING
ADANIENT,Mar 2022,+,-,+,GROWTH_FINANCING
ADANIENT,Mar 2023,+,-,-,REINVESTOR
ADANIENT,Mar 2024,+,-,+,GROWTH_FINANCING
ADANIGREEN,Mar 2017,+,-,+,GROWTH_FINANCING
ADANIGREEN,Mar 2018,+,-,+,GROWTH_FINANCING
ADANIGREEN,Mar 2019,+,-,+,GROWTH_FINANCING
ADANIGREEN,Mar 2020,+,-,+,GROWTH_FINANCING
ADANIGREEN,Mar 2021,+,-,+,GROWTH_FINANCING
ADANIGREEN,Mar 2022,+,-,+,GROWTH_FINANCING
ADANIGREEN,Mar 2023,+,-,-,REINVESTOR
ADANIGREEN,Mar 2024,+,-,+,GROWTH_FINANCING
ADANIPORTS,Mar 2013,+,-,+,GROWTH_FINANCING
ADANIPORTS,Mar 2014,+,-,+,GROWTH_FINANCING
ADANIPORTS,Mar 2015,+,-,-,REINVESTOR
ADANIPORTS,Mar 2016,+,-,+,GROWTH_FINANCING
ADANIPORTS,Mar 2017,+,-,-,REINVESTOR
ADANIPORTS,Mar 2018,+,-,-,REINVESTOR
ADANIPORTS,Mar 2019,+,-,+,GROWTH_FINANCING
ADANIPORTS,Mar 2020,+,-,-,REINVESTOR
ADANIPORTS,Mar 2021,+,-,+,GROWTH_FINANCING
ADANIPORTS,Mar 2022,+,-,-,REINVESTOR
ADANIPORTS,Mar 2023,+,-,-,REINVESTOR
ADANIPORTS,Mar 2024,+,-,-,REINVESTOR
ADANIPOWER,Mar 2013,+,-,+,GROWTH_FINANCING
ADANIPOWER,Mar 2014,+,-,+,GROWTH_FINANCING
ADANIPOWER,Mar 2015,+,-,-,REINVESTOR
ADANIPOWER,Mar 2016,+,-,-,REINVESTOR
ADANIPOWER,Mar 2017,+,-,-,REINVESTOR
ADANIPOWER,Mar 2018,+,-,-,REINVESTOR
ADANIPOWER,Mar 2019,+,-,-,REINVESTOR
ADANIPOWER,Mar 2020,+,-,-,REINVESTOR
ADANIPOWER,Mar 2021,+,-,-,REINVESTOR
ADANIPOWER,Mar 2022,+,+,-,SHAREHOLDER_RETURNS
ADANIPOWER,Mar 2023,+,+,-,SHAREHOLDER_RETURNS
ADANIPOWER,Mar 2024,+,+,-,SHAREHOLDER_RETURNS
AGTL,Mar 2018,+,-,+,GROWTH_FINANCING
AGTL,Mar 2019,+,+,-,SHAREHOLDER_RETURNS
AGTL,Mar 2020,+,-,-,REINVESTOR
AGTL,Mar 2021,+,-,+,GROWTH_FINANCING
AGTL,Mar 2022,+,-,+,GROWTH_FINANCING
AGTL,Mar 2023,+,-,+,GROWTH_FINANCING
AGTL,Mar 2024,+,-,-,REINVESTOR
AMBUJACEM,Dec 2012,+,-,-,REINVESTOR
AMBUJACEM,Dec 2013,+,-,-,REINVESTOR
AMBUJACEM,Dec 2014,+,-,-,REINVESTOR
AMBUJACEM,Dec 2015,+,-,-,REINVESTOR
AMBUJACEM,Dec 2016,+,-,-,REINVESTOR
AMBUJACEM,Dec 2017,+,-,-,REINVESTOR
AMBUJACEM,Dec 2018,+,-,-,REINVESTOR
AMBUJACEM,Dec 2019,+,-,-,REINVESTOR
AMBUJACEM,Dec 2020,+,-,-,REINVESTOR
AMBUJACEM,Dec 2021,+,-,-,REINVESTOR
AMBUJACEM,Mar 2023,+,-,+,GROWTH_FINANCING
AMBUJACEM,Mar 2024,+,-,+,GROWTH_FINANCING
APOLLOHOSP,Mar 2013,+,-,+,GROWTH_FINANCING
APOLLOHOSP,Mar 2014,+,-,-,REINVESTOR
APOLLOHOSP,Mar 2015,+,-,+,GROWTH_FINANCING
APOLLOHOSP,Mar 2016,+,-,+,GROWTH_FINANCING
APOLLOHOSP,Mar 2017,+,-,+,GROWTH_FINANCING
APOLLOHOSP,Mar 2018,+,-,-,REINVESTOR
APOLLOHOSP,Mar 2019,+,-,-,REINVESTOR
APOLLOHOSP,Mar 2020,+,-,-,REINVESTOR
APOLLOHOSP,Mar 2021,+,-,-,REINVESTOR
APOLLOHOSP,Mar 2022,+,-,-,REINVESTOR
APOLLOHOSP,Mar 2023,+,-,-,REINVESTOR
APOLLOHOSP,Mar 2024,+,-,-,REINVESTOR
ASIANPAINT,Mar 2013,+,-,-,REINVESTOR
ASIANPAINT,Mar 2014,+,-,-,REINVESTOR
ASIANPAINT,Mar 2015,+,-,-,REINVESTOR
ASIANPAINT,Mar 2016,+,-,-,REINVESTOR
ASIANPAINT,Mar 2017,+,-,-,REINVESTOR
ASIANPAINT,Mar 2018,+,-,-,REINVESTOR
ASIANPAINT,Mar 2019,+,-,-,REINVESTOR
ASIANPAINT,Mar 2020,+,-,-,REINVESTOR
ASIANPAINT,Mar 2021,+,-,-,REINVESTOR
ASIANPAINT,Mar 2022,+,-,-,REINVESTOR
ASIANPAINT,Mar 2023,+,-,-,REINVESTOR
ASIANPAINT,Mar 2024,+,-,-,REINVESTOR
AXISBANK,Mar 2013,+,-,+,GROWTH_FINANCING
AXISBANK,Mar 2014,+,-,+,GROWTH_FINANCING
AXISBANK,Mar 2015,-,-,+,DISTRESS
AXISBANK,Mar 2016,-,+,+,EXTERNAL_FUNDING
AXISBANK,Mar 2017,+,-,-,REINVESTOR
AXISBANK,Mar 2018,-,-,+,DISTRESS
AXISBANK,Mar 2019,+,-,+,GROWTH_FINANCING
AXISBANK,Mar 2020,+,-,+,GROWTH_FINANCING
AXISBANK,Mar 2021,+,-,+,GROWTH_FINANCING
AXISBANK,Mar 2022,+,-,+,GROWTH_FINANCING
AXISBANK,Mar 2023,+,-,+,GROWTH_FINANCING
AXISBANK,Mar 2024,-,-,+,DISTRESS
BAJAJ-AUTO,Mar 2013,+,-,-,REINVESTOR
BAJAJ-AUTO,Mar 2013,+,-,-,REINVESTOR
BAJAJ-AUTO,Mar 2014,+,-,-,REINVESTOR
BAJAJ-AUTO,Mar 2014,+,-,-,REINVESTOR
BAJAJ-AUTO,Mar 2015,+,-,-,REINVESTOR
BAJAJ-AUTO,Mar 2015,+,-,-,REINVESTOR
BAJAJ-AUTO,Mar 2016,+,-,-,REINVESTOR
BAJAJ-AUTO,Mar 2016,+,-,-,REINVESTOR
BAJAJ-AUTO,Mar 2017,+,-,-,REINVESTOR
BAJAJ-AUTO,Mar 2017,+,-,-,REINVESTOR
BAJAJ-AUTO,Mar 2018,+,-,-,REINVESTOR
BAJAJ-AUTO,Mar 2018,+,-,-,REINVESTOR
BAJAJ-AUTO,Mar 2019,+,-,-,REINVESTOR
BAJAJ-AUTO,Mar 2019,+,-,-,REINVESTOR
BAJAJ-AUTO,Mar 2020,+,+,-,SHAREHOLDER_RETURNS
BAJAJ-AUTO,Mar 2020,+,+,-,SHAREHOLDER_RETURNS
BAJAJ-AUTO,Mar 2021,+,-,-,REINVESTOR
BAJAJ-AUTO,Mar 2021,+,-,-,REINVESTOR
BAJAJ-AUTO,Mar 2022,+,+,-,SHAREHOLDER_RETURNS
BAJAJ-AUTO,Mar 2022,+,+,-,SHAREHOLDER_RETURNS
BAJAJ-AUTO,Mar 2023,+,+,-,SHAREHOLDER_RETURNS
BAJAJ-AUTO,Mar 2023,+,+,-,SHAREHOLDER_RETURNS
BAJAJ-AUTO,Mar 2024,+,-,-,REINVESTOR
BAJAJ-AUTO,Mar 2024,+,-,-,REINVESTOR
BAJAJFINSV,Mar 2013,-,+,+,EXTERNAL_FUNDING
BAJAJFINSV,Mar 2014,-,+,+,EXTERNAL_FUNDING
BAJAJFINSV,Mar 2015,-,+,+,EXTERNAL_FUNDING
BAJAJFINSV,Mar 2016,-,-,+,DISTRESS
BAJAJFINSV,Mar 2017,-,+,+,EXTERNAL_FUNDING
BAJAJFINSV,Mar 2018,-,-,+,DISTRESS
BAJAJFINSV,Mar 2019,-,-,+,DISTRESS
BAJAJFINSV,Mar 2020,-,-,+,DISTRESS
BAJAJFINSV,Mar 2021,+,-,+,GROWTH_FINANCING
BAJAJFINSV,Mar 2022,-,+,+,EXTERNAL_FUNDING
BAJAJFINSV,Mar 2023,-,-,+,DISTRESS
BAJAJFINSV,Mar 2024,-,-,+,DISTRESS
BAJAJHLDNG,Mar 2013,+,-,-,REINVESTOR
BAJAJHLDNG,Mar 2014,+,-,-,REINVESTOR
BAJAJHLDNG,Mar 2015,+,-,-,REINVESTOR
BAJAJHLDNG,Mar 2016,+,+,-,SHAREHOLDER_RETURNS
BAJAJHLDNG,Mar 2017,-,-,-,CASH_BURN
BAJAJHLDNG,Mar 2018,+,-,-,REINVESTOR
BAJAJHLDNG,Mar 2019,+,-,-,REINVESTOR
BAJAJHLDNG,Mar 2020,+,-,-,REINVESTOR
BAJAJHLDNG,Mar 2021,+,-,-,REINVESTOR
BAJAJHLDNG,Mar 2022,+,-,-,REINVESTOR
BAJAJHLDNG,Mar 2023,+,-,-,REINVESTOR
BAJAJHLDNG,Mar 2024,+,-,-,REINVESTOR
BAJFINANCE,Mar 2015,-,-,+,DISTRESS
BAJFINANCE,Mar 2016,-,-,+,DISTRESS
BAJFINANCE,Mar 2017,-,-,+,DISTRESS
BAJFINANCE,Mar 2018,-,+,+,EXTERNAL_FUNDING
BAJFINANCE,Mar 2019,-,-,+,DISTRESS
BAJFINANCE,Mar 2020,-,-,+,DISTRESS
BAJFINANCE,Mar 2021,-,-,+,DISTRESS
BAJFINANCE,Mar 2022,-,+,+,EXTERNAL_FUNDING
BAJFINANCE,Mar 2023,-,-,+,DISTRESS
BAJFINANCE,Mar 2024,-,-,+,DISTRESS
BANKBARODA,Mar 2013,+,-,-,REINVESTOR
BANKBARODA,Mar 2014,+,-,+,GROWTH_FINANCING
BANKBARODA,Mar 2015,+,-,-,REINVESTOR
BANKBARODA,Mar 2016,-,-,-,CASH_BURN
BANKBARODA,Mar 2017,+,-,-,REINVESTOR
BANKBARODA,Mar 2018,-,-,+,DISTRESS
BANKBARODA,Mar 2019,-,-,+,DISTRESS
BANKBARODA,Mar 2020,+,-,+,GROWTH_FINANCING
BANKBARODA,Mar 2021,-,-,-,CASH_BURN
BANKBARODA,Mar 2022,+,-,-,REINVESTOR
BANKBARODA,Mar 2023,-,-,-,CASH_BURN
BANKBARODA,Mar 2024,-,-,+,DISTRESS
BEL,Mar 2013,-,+,-,ASSET_LIQUIDATION
BEL,Mar 2014,-,+,-,ASSET_LIQUIDATION
BEL,Mar 2015,+,-,-,REINVESTOR
BEL,Mar 2016,+,-,-,REINVESTOR
BEL,Mar 2017,-,+,-,ASSET_LIQUIDATION
BEL,Mar 2018,-,-,-,CASH_BURN
BEL,Mar 2019,+,-,-,REINVESTOR
BEL,Mar 2020,+,-,-,REINVESTOR
BEL,Mar 2021,+,-,-,REINVESTOR
BEL,Mar 2022,+,-,-,REINVESTOR
BEL,Mar 2023,+,+,-,SHAREHOLDER_RETURNS
BEL,Mar 2024,+,-,-,REINVESTOR
BHARTIARTL,Mar 2013,+,-,-,REINVESTOR
BHARTIARTL,Mar 2014,+,-,+,GROWTH_FINANCING
BHARTIARTL,Mar 2015,+,-,-,REINVESTOR
BHARTIARTL,Mar 2016,+,-,-,REINVESTOR
BHARTIARTL,Mar 2017,+,-,-,REINVESTOR
BHARTIARTL,Mar 2018,+,-,+,GROWTH_FINANCING
BHARTIARTL,Mar 2019,+,-,+,GROWTH_FINANCING
BHARTIARTL,Mar 2020,+,-,+,GROWTH_FINANCING
BHARTIARTL,Mar 2021,+,-,-,REINVESTOR
BHARTIARTL,Mar 2022,+,-,-,REINVESTOR
BHARTIARTL,Mar 2023,+,-,-,REINVESTOR
BHARTIARTL,Mar 2024,+,-,-,REINVESTOR
BHEL,Mar 2013,+,-,+,GROWTH_FINANCING
BHEL,Mar 2014,+,-,+,GROWTH_FINANCING
BHEL,Mar 2015,+,+,-,SHAREHOLDER_RETURNS
BHEL,Mar 2016,+,+,-,SHAREHOLDER_RETURNS
BHEL,Mar 2017,+,-,-,REINVESTOR
BHEL,Mar 2018,+,+,-,SHAREHOLDER_RETURNS
BHEL,Mar 2019,-,+,-,ASSET_LIQUIDATION
BHEL,Mar 2020,-,+,+,EXTERNAL_FUNDING
BHEL,Mar 2021,+,-,-,REINVESTOR
BHEL,Mar 2022,+,-,-,REINVESTOR
BHEL,Mar 2023,-,+,+,EXTERNAL_FUNDING
BHEL,Mar 2024,-,+,+,EXTERNAL_FUNDING
BOSCHLTD,Dec 2012,+,-,-,REINVESTOR
BOSCHLTD,Dec 2013,+,-,-,REINVESTOR
BOSCHLTD,Mar 2015,+,-,-,REINVESTOR
BOSCHLTD,Mar 2016,+,-,-,REINVESTOR
BOSCHLTD,Mar 2017,+,+,-,SHAREHOLDER_RETURNS
BOSCHLTD,Mar 2018,+,-,-,REINVESTOR
BOSCHLTD,Mar 2019,+,+,-,SHAREHOLDER_RETURNS
BOSCHLTD,Mar 2020,+,-,-,REINVESTOR
BOSCHLTD,Mar 2021,+,-,-,REINVESTOR
BOSCHLTD,Mar 2022,+,-,-,REINVESTOR
BOSCHLTD,Mar 2023,+,+,-,SHAREHOLDER_RETURNS
BOSCHLTD,Mar 2024,+,+,-,SHAREHOLDER_RETURNS
BPCL,Mar 2013,+,-,-,REINVESTOR
BPCL,Mar 2014,+,-,-,REINVESTOR
BPCL,Mar 2015,+,-,-,REINVESTOR
BPCL,Mar 2016,+,-,-,REINVESTOR
BPCL,Mar 2017,+,-,+,GROWTH_FINANCING
BPCL,Mar 2018,+,-,-,REINVESTOR
BPCL,Mar 2019,+,-,+,GROWTH_FINANCING
BPCL,Mar 2020,+,-,+,GROWTH_FINANCING
BPCL,Mar 2021,+,-,-,REINVESTOR
BPCL,Mar 2022,+,-,-,REINVESTOR
BPCL,Mar 2023,+,-,-,REINVESTOR
BPCL,Mar 2024,+,-,-,REINVESTOR
BRITANNIA,Mar 2013,+,+,-,SHAREHOLDER_RETURNS
BRITANNIA,Mar 2014,+,-,-,REINVESTOR
BRITANNIA,Mar 2015,+,-,-,REINVESTOR
BRITANNIA,Mar 2016,+,-,-,REINVESTOR
BRITANNIA,Mar 2017,+,-,-,REINVESTOR
BRITANNIA,Mar 2018,+,-,-,REINVESTOR
BRITANNIA,Mar 2019,+,-,-,REINVESTOR
BRITANNIA,Mar 2020,+,-,+,GROWTH_FINANCING
BRITANNIA,Mar 2021,+,+,-,SHAREHOLDER_RETURNS
BRITANNIA,Mar 2022,+,+,-,SHAREHOLDER_RETURNS
BRITANNIA,Mar 2023,+,-,-,REINVESTOR
BRITANNIA,Mar 2024,+,+,-,SHAREHOLDER_RETURNS
CANBK,Mar 2013,+,-,-,REINVESTOR
CANBK,Mar 2014,+,-,-,REINVESTOR
CANBK,Mar 2015,+,-,-,REINVESTOR
CANBK,Mar 2016,+,-,-,REINVESTOR
CANBK,Mar 2017,+,-,+,GROWTH_FINANCING
CANBK,Mar 2018,-,-,+,DISTRESS
CANBK,Mar 2019,+,-,-,REINVESTOR
CANBK,Mar 2020,-,-,+,DISTRESS
CANBK,Mar 2021,+,-,+,GROWTH_FINANCING
CANBK,Mar 2022,+,-,+,GROWTH_FINANCING
CANBK,Mar 2023,-,-,+,DISTRESS
CANBK,Mar 2024,+,-,-,REINVESTOR
CHOLAFIN,Mar 2013,-,+,+,EXTERNAL_FUNDING
CHOLAFIN,Mar 2014,-,-,+,DISTRESS
CHOLAFIN,Mar 2015,-,-,+,DISTRESS
CHOLAFIN,Mar 2016,-,-,+,DISTRESS
CHOLAFIN,Mar 2017,-,-,+,DISTRESS
CHOLAFIN,Mar 2018,-,-,+,DISTRESS
CHOLAFIN,Mar 2019,-,-,+,DISTRESS
CHOLAFIN,Mar 2020,-,-,+,DISTRESS
CHOLAFIN,Mar 2021,-,-,+,DISTRESS
CHOLAFIN,Mar 2022,-,+,+,EXTERNAL_FUNDING
CHOLAFIN,Mar 2023,-,-,+,DISTRESS
CHOLAFIN,Mar 2024,-,-,+,DISTRESS
CIPLA,Mar 2013,+,-,+,GROWTH_FINANCING
CIPLA,Mar 2014,+,-,-,REINVESTOR
CIPLA,Mar 2015,+,-,+,GROWTH_FINANCING
CIPLA,Mar 2016,+,-,+,GROWTH_FINANCING
CIPLA,Mar 2017,+,-,-,REINVESTOR
CIPLA,Mar 2018,+,-,-,REINVESTOR
CIPLA,Mar 2019,+,-,-,REINVESTOR
CIPLA,Mar 2020,+,+,-,SHAREHOLDER_RETURNS
CIPLA,Mar 2021,+,-,-,REINVESTOR
CIPLA,Mar 2022,+,-,-,REINVESTOR
CIPLA,Mar 2023,+,-,-,REINVESTOR
CIPLA,Mar 2024,+,-,-,REINVESTOR
COALINDIA,Mar 2013,+,-,-,REINVESTOR
COALINDIA,Mar 2014,+,+,-,SHAREHOLDER_RETURNS
COALINDIA,Mar 2015,+,+,-,SHAREHOLDER_RETURNS
COALINDIA,Mar 2016,+,+,-,SHAREHOLDER_RETURNS
COALINDIA,Mar 2017,+,+,-,SHAREHOLDER_RETURNS
COALINDIA,Mar 2018,+,-,-,REINVESTOR
COALINDIA,Mar 2019,+,-,-,REINVESTOR
COALINDIA,Mar 2020,+,+,-,SHAREHOLDER_RETURNS
COALINDIA,Mar 2021,+,+,-,SHAREHOLDER_RETURNS
COALINDIA,Mar 2022,+,-,-,REINVESTOR
COALINDIA,Mar 2023,+,-,-,REINVESTOR
COALINDIA,Mar 2024,+,-,-,REINVESTOR
DABUR,Mar 2013,+,-,-,REINVESTOR
DABUR,Mar 2014,+,-,-,REINVESTOR
DABUR,Mar 2015,+,-,-,REINVESTOR
DABUR,Mar 2016,+,-,-,REINVESTOR
DABUR,Mar 2017,+,-,-,REINVESTOR
DABUR,Mar 2018,+,-,-,REINVESTOR
DABUR,Mar 2019,+,+,-,SHAREHOLDER_RETURNS
DABUR,Mar 2020,+,-,-,REINVESTOR
DABUR,Mar 2021,+,-,-,REINVESTOR
DABUR,Mar 2022,+,-,-,REINVESTOR
DABUR,Mar 2023,+,-,-,REINVESTOR
DABUR,Mar 2024,+,-,-,REINVESTOR
DIVISLAB,Mar 2013,+,-,-,REINVESTOR
DIVISLAB,Mar 2014,+,-,-,REINVESTOR
DIVISLAB,Mar 2015,+,-,-,REINVESTOR
DIVISLAB,Mar 2016,+,-,-,REINVESTOR
DIVISLAB,Mar 2017,+,-,+,GROWTH_FINANCING
DIVISLAB,Mar 2018,+,-,-,REINVESTOR
DIVISLAB,Mar 2019,+,-,-,REINVESTOR
DIVISLAB,Mar 2020,+,-,-,REINVESTOR
DIVISLAB,Mar 2021,+,+,-,SHAREHOLDER_RETURNS
DIVISLAB,Mar 2022,+,-,-,REINVESTOR
DIVISLAB,Mar 2023,+,-,-,REINVESTOR
DIVISLAB,Mar 2024,+,-,-,REINVESTOR
DLF,Mar 2013,+,+,-,SHAREHOLDER_RETURNS
DLF,Mar 2014,+,+,-,SHAREHOLDER_RETURNS
DLF,Mar 2015,+,+,-,SHAREHOLDER_RETURNS
DLF,Mar 2016,+,-,-,REINVESTOR
DLF,Mar 2017,-,+,+,EXTERNAL_FUNDING
DLF,Mar 2018,+,-,-,REINVESTOR
DLF,Mar 2019,+,+,+,CASH_ACCUMULATION
DLF,Mar 2020,+,+,-,SHAREHOLDER_RETURNS
DLF,Mar 2021,+,+,-,SHAREHOLDER_RETURNS
DLF,Mar 2022,+,+,-,SHAREHOLDER_RETURNS
DLF,Mar 2023,+,-,-,REINVESTOR
DLF,Mar 2024,+,-,+,GROWTH_FINANCING
DMART,Mar 2013,+,-,+,GROWTH_FINANCING
DMART,Mar 2014,+,-,+,GROWTH_FINANCING
DMART,Mar 2015,+,-,+,GROWTH_FINANCING
DMART,Mar 2016,+,-,+,GROWTH_FINANCING
DMART,Mar 2017,+,-,+,GROWTH_FINANCING
DMART,Mar 2018,+,+,-,SHAREHOLDER_RETURNS
DMART,Mar 2019,+,-,+,GROWTH_FINANCING
DMART,Mar 2020,+,-,+,GROWTH_FINANCING
DMART,Mar 2021,+,-,-,REINVESTOR
DMART,Mar 2022,+,-,-,REINVESTOR
DMART,Mar 2023,+,-,-,REINVESTOR
DMART,Mar 2024,+,-,-,REINVESTOR
DRREDDY,Mar 2013,+,-,-,REINVESTOR
DRREDDY,Mar 2014,+,-,-,REINVESTOR
DRREDDY,Mar 2015,+,-,-,REINVESTOR
DRREDDY,Mar 2016,+,-,-,REINVESTOR
DRREDDY,Mar 2017,+,-,-,REINVESTOR
DRREDDY,Mar 2018,+,-,-,REINVESTOR
DRREDDY,Mar 2019,+,-,-,REINVESTOR
DRREDDY,Mar 2020,+,-,-,REINVESTOR
DRREDDY,Mar 2021,+,-,-,REINVESTOR
DRREDDY,Mar 2022,+,-,-,REINVESTOR
DRREDDY,Mar 2023,+,-,-,REINVESTOR
DRREDDY,Mar 2024,+,-,-,REINVESTOR
EICHERMOT,Dec 2012,+,-,-,REINVESTOR
EICHERMOT,Dec 2013,+,-,-,REINVESTOR
EICHERMOT,Dec 2014,+,-,-,REINVESTOR
EICHERMOT,Mar 2016,+,-,-,REINVESTOR
EICHERMOT,Mar 2017,+,-,+,GROWTH_FINANCING
EICHERMOT,Mar 2018,+,-,-,REINVESTOR
EICHERMOT,Mar 2019,+,-,-,REINVESTOR
EICHERMOT,Mar 2020,+,-,-,REINVESTOR
EICHERMOT,Mar 2021,+,-,-,REINVESTOR
EICHERMOT,Mar 2022,+,-,-,REINVESTOR
EICHERMOT,Mar 2023,+,-,-,REINVESTOR
EICHERMOT,Mar 2024,+,-,-,REINVESTOR
GAIL,Mar 2013,+,-,+,GROWTH_FINANCING
GAIL,Mar 2014,+,-,-,REINVESTOR
GAIL,Mar 2015,+,-,-,REINVESTOR
GAIL,Mar 2016,+,-,-,REINVESTOR
GAIL,Mar 2017,+,-,-,REINVESTOR
GAIL,Mar 2018,+,-,-,REINVESTOR
GAIL,Mar 2019,+,-,-,REINVESTOR
GAIL,Mar 2020,+,-,+,GROWTH_FINANCING
GAIL,Mar 2021,+,-,-,REINVESTOR
GAIL,Mar 2022,+,-,-,REINVESTOR
GAIL,Mar 2023,+,-,+,GROWTH_FINANCING
GAIL,Mar 2024,+,-,-,REINVESTOR
GODREJCP,Mar 2013,+,-,+,GROWTH_FINANCING
GODREJCP,Mar 2014,+,-,-,REINVESTOR
GODREJCP,Mar 2015,+,-,-,REINVESTOR
GODREJCP,Mar 2016,+,-,-,REINVESTOR
GODREJCP,Mar 2017,+,-,+,GROWTH_FINANCING
GODREJCP,Mar 2018,+,-,-,REINVESTOR
GODREJCP,Mar 2019,+,+,-,SHAREHOLDER_RETURNS
GODREJCP,Mar 2020,+,-,-,REINVESTOR
GODREJCP,Mar 2021,+,-,-,REINVESTOR
GODREJCP,Mar 2022,+,-,-,REINVESTOR
GODREJCP,Mar 2023,+,-,-,REINVESTOR
GODREJCP,Mar 2024,+,-,+,GROWTH_FINANCING
GRASIM,Mar 2013,+,-,+,GROWTH_FINANCING
GRASIM,Mar 2014,+,-,-,REINVESTOR
GRASIM,Mar 2015,+,-,-,REINVESTOR
GRASIM,Mar 2016,+,-,-,REINVESTOR
GRASIM,Mar 2017,+,-,-,REINVESTOR
GRASIM,Mar 2018,-,+,+,EXTERNAL_FUNDING
GRASIM,Mar 2019,-,-,+,DISTRESS
GRASIM,Mar 2020,+,-,-,REINVESTOR
GRASIM,Mar 2021,+,-,-,REINVESTOR
GRASIM,Mar 2022,+,-,-,REINVESTOR
GRASIM,Mar 2023,-,-,+,DISTRESS
GRASIM,Mar 2024,-,-,+,DISTRESS
HAL,Mar 2017,-,+,-,ASSET_LIQUIDATION
HAL,Mar 2018,-,+,-,ASSET_LIQUIDATION
HAL,Mar 2019,-,+,+,EXTERNAL_FUNDING
HAL,Mar 2020,+,-,+,GROWTH_FINANCING
HAL,Mar 2021,+,-,-,REINVESTOR
HAL,Mar 2022,+,-,-,REINVESTOR
HAL,Mar 2023,+,-,-,REINVESTOR
HAL,Mar 2024,+,-,-,REINVESTOR
HAVELLS,Mar 2013,+,-,-,REINVESTOR
HAVELLS,Mar 2014,+,-,-,REINVESTOR
HAVELLS,Mar 2015,+,-,-,REINVESTOR
HAVELLS,Mar 2016,+,-,-,REINVESTOR
HAVELLS,Mar 2017,+,-,-,REINVESTOR
HAVELLS,Mar 2018,+,-,-,REINVESTOR
HAVELLS,Mar 2019,+,+,-,SHAREHOLDER_RETURNS
HAVELLS,Mar 2020,+,-,-,REINVESTOR
HAVELLS,Mar 2021,+,-,+,GROWTH_FINANCING
HAVELLS,Mar 2022,+,-,-,REINVESTOR
HAVELLS,Mar 2023,+,+,-,SHAREHOLDER_RETURNS
HAVELLS,Mar 2024,+,-,-,REINVESTOR
HCLTECH,Jun 2013,+,-,-,REINVESTOR
HCLTECH,Jun 2014,+,-,-,REINVESTOR
HCLTECH,Jun 2015,+,-,-,REINVESTOR
HCLTECH,Mar 2016,+,-,-,REINVESTOR
HCLTECH,Mar 2017,+,-,-,REINVESTOR
HCLTECH,Mar 2018,+,-,-,REINVESTOR
HCLTECH,Mar 2019,+,-,-,REINVESTOR
HCLTECH,Mar 2020,+,-,-,REINVESTOR
HCLTECH,Mar 2021,+,-,-,REINVESTOR
HCLTECH,Mar 2022,+,+,-,SHAREHOLDER_RETURNS
HCLTECH,Mar 2023,+,-,-,REINVESTOR
HCLTECH,Mar 2024,+,-,-,REINVESTOR
HDFCBANK,Mar 2013,-,-,+,DISTRESS
HDFCBANK,Mar 2014,+,-,+,GROWTH_FINANCING
HDFCBANK,Mar 2015,-,-,+,DISTRESS
HDFCBANK,Mar 2016,-,-,+,DISTRESS
HDFCBANK,Mar 2017,+,-,-,REINVESTOR
HDFCBANK,Mar 2018,+,-,+,GROWTH_FINANCING
HDFCBANK,Mar 2019,-,-,+,DISTRESS
HDFCBANK,Mar 2020,-,-,+,DISTRESS
HDFCBANK,Mar 2021,+,-,-,REINVESTOR
HDFCBANK,Mar 2022,-,-,+,DISTRESS
HDFCBANK,Mar 2023,+,-,+,GROWTH_FINANCING
HDFCBANK,Mar 2024,+,+,-,SHAREHOLDER_RETURNS
HDFCLIFE,Mar 2013,-,-,-,CASH_BURN
HDFCLIFE,Mar 2014,-,-,-,CASH_BURN
HDFCLIFE,Mar 2015,+,-,-,REINVESTOR
HDFCLIFE,Mar 2016,+,-,-,REINVESTOR
HDFCLIFE,Mar 2017,+,-,-,REINVESTOR
HDFCLIFE,Mar 2018,+,-,-,REINVESTOR
HDFCLIFE,Mar 2019,+,-,-,REINVESTOR
HDFCLIFE,Mar 2020,+,-,+,GROWTH_FINANCING
HDFCLIFE,Mar 2021,+,-,+,GROWTH_FINANCING
HDFCLIFE,Mar 2022,+,-,-,REINVESTOR
HDFCLIFE,Mar 2023,+,-,+,GROWTH_FINANCING
HDFCLIFE,Mar 2024,+,-,-,REINVESTOR
HEROMOTOCO,Mar 2014,+,-,-,REINVESTOR
HEROMOTOCO,Mar 2015,+,+,-,SHAREHOLDER_RETURNS
HEROMOTOCO,Mar 2016,+,-,-,REINVESTOR
HEROMOTOCO,Mar 2017,+,-,-,REINVESTOR
HEROMOTOCO,Mar 2018,+,-,-,REINVESTOR
HEROMOTOCO,Mar 2019,+,+,-,SHAREHOLDER_RETURNS
HEROMOTOCO,Mar 2020,+,-,-,REINVESTOR
HEROMOTOCO,Mar 2021,+,-,-,REINVESTOR
HEROMOTOCO,Mar 2022,+,-,-,REINVESTOR
HEROMOTOCO,Mar 2023,+,-,-,REINVESTOR
HEROMOTOCO,Mar 2024,+,-,-,REINVESTOR
HINDALCO,Mar 2013,+,-,+,GROWTH_FINANCING
HINDALCO,Mar 2014,+,-,+,GROWTH_FINANCING
HINDALCO,Mar 2015,+,-,-,REINVESTOR
HINDALCO,Mar 2016,+,-,-,REINVESTOR
HINDALCO,Mar 2017,+,-,-,REINVESTOR
HINDALCO,Mar 2018,+,+,-,SHAREHOLDER_RETURNS
HINDALCO,Mar 2019,+,-,-,REINVESTOR
HINDALCO,Mar 2020,+,-,+,GROWTH_FINANCING
HINDALCO,Mar 2021,+,-,-,REINVESTOR
HINDALCO,Mar 2022,+,-,-,REINVESTOR
HINDALCO,Mar 2023,+,-,-,REINVESTOR
HINDALCO,Mar 2024,+,-,-,REINVESTOR
HINDUNILVR,Mar 2013,+,+,-,SHAREHOLDER_RETURNS
HINDUNILVR,Mar 2014,+,-,-,REINVESTOR
HINDUNILVR,Mar 2015,+,+,-,SHAREHOLDER_RETURNS
HINDUNILVR,Mar 2016,+,-,-,REINVESTOR
HINDUNILVR,Mar 2017,+,-,-,REINVESTOR
HINDUNILVR,Mar 2018,+,-,-,REINVESTOR
HINDUNILVR,Mar 2019,+,-,-,REINVESTOR
HINDUNILVR,Mar 2020,+,+,-,SHAREHOLDER_RETURNS
HINDUNILVR,Mar 2021,+,-,-,REINVESTOR
HINDUNILVR,Mar 2022,+,-,-,REINVESTOR
HINDUNILVR,Mar 2023,+,-,-,REINVESTOR
HINDUNILVR,Mar 2024,+,-,-,REINVESTOR
ICICIBANK,Mar 2013,+,-,+,GROWTH_FINANCING
ICICIBANK,Mar 2014,+,-,+,GROWTH_FINANCING
ICICIBANK,Mar 2015,-,-,+,DISTRESS
ICICIBANK,Mar 2016,+,-,+,GROWTH_FINANCING
ICICIBANK,Mar 2017,+,-,-,REINVESTOR
ICICIBANK,Mar 2018,+,-,+,GROWTH_FINANCING
ICICIBANK,Mar 2019,+,-,-,REINVESTOR
ICICIBANK,Mar 2020,+,-,+,GROWTH_FINANCING
ICICIBANK,Mar 2021,+,-,-,REINVESTOR
ICICIBANK,Mar 2022,+,-,+,GROWTH_FINANCING
ICICIBANK,Mar 2023,-,-,+,DISTRESS
ICICIBANK,Mar 2024,+,-,+,GROWTH_FINANCING
ICICIGI,Mar 2013,+,-,+,GROWTH_FINANCING
ICICIGI,Mar 2014,+,-,+,GROWTH_FINANCING
ICICIGI,Mar 2015,-,+,-,ASSET_LIQUIDATION
ICICIGI,Mar 2016,+,-,-,REINVESTOR
ICICIGI,Mar 2017,+,-,+,GROWTH_FINANCING
ICICIGI,Mar 2018,+,-,-,REINVESTOR
ICICIGI,Mar 2019,+,-,-,REINVESTOR
ICICIGI,Mar 2020,+,-,-,REINVESTOR
ICICIGI,Mar 2021,+,-,-,REINVESTOR
ICICIGI,Mar 2022,+,+,-,SHAREHOLDER_RETURNS
ICICIGI,Mar 2023,+,-,-,REINVESTOR
ICICIGI,Mar 2024,+,-,-,REINVESTOR
ICICIPRULI,Mar 2013,-,+,-,ASSET_LIQUIDATION
ICICIPRULI,Mar 2014,-,+,-,ASSET_LIQUIDATION
ICICIPRULI,Mar 2015,+,-,-,REINVESTOR
ICICIPRULI,Mar 2016,+,+,-,SHAREHOLDER_RETURNS
ICICIPRULI,Mar 2017,+,-,-,REINVESTOR
ICICIPRULI,Mar 2018,+,-,-,REINVESTOR
ICICIPRULI,Mar 2019,+,-,-,REINVESTOR
ICICIPRULI,Mar 2020,+,-,-,REINVESTOR
ICICIPRULI,Mar 2021,+,-,+,GROWTH_FINANCING
ICICIPRULI,Mar 2022,+,-,-,REINVESTOR
ICICIPRULI,Mar 2023,+,-,-,REINVESTOR
ICICIPRULI,Mar 2024,-,+,-,ASSET_LIQUIDATION
INDIGO,Mar 2013,+,-,+,GROWTH_FINANCING
INDIGO,Mar 2014,+,-,+,GROWTH_FINANCING
INDIGO,Mar 2015,+,-,-,REINVESTOR
INDIGO,Mar 2016,+,-,-,REINVESTOR
INDIGO,Mar 2017,+,-,-,REINVESTOR
INDIGO,Mar 2018,+,-,+,GROWTH_FINANCING
INDIGO,Mar 2019,+,-,-,REINVESTOR
INDIGO,Mar 2020,+,-,-,REINVESTOR
INDIGO,Mar 2021,-,+,-,ASSET_LIQUIDATION
INDIGO,Mar 2022,+,+,-,SHAREHOLDER_RETURNS
INDIGO,Mar 2023,+,-,-,REINVESTOR
INDIGO,Mar 2024,+,-,-,REINVESTOR
INDUSINDBK,Mar 2013,-,-,+,DISTRESS
INDUSINDBK,Mar 2014,-,-,+,DISTRESS
INDUSINDBK,Mar 2015,-,-,+,DISTRESS
INDUSINDBK,Mar 2016,-,-,+,DISTRESS
INDUSINDBK,Mar 2017,+,-,-,REINVESTOR
INDUSINDBK,Mar 2018,-,-,+,DISTRESS
INDUSINDBK,Mar 2019,-,-,+,DISTRESS
INDUSINDBK,Mar 2020,-,+,+,EXTERNAL_FUNDING
INDUSINDBK,Mar 2021,+,-,-,REINVESTOR
INDUSINDBK,Mar 2022,+,-,-,REINVESTOR
INDUSINDBK,Mar 2023,-,-,+,DISTRESS
INDUSINDBK,Mar 2024,-,-,-,CASH_BURN
INFY,Mar 2013,+,-,-,REINVESTOR
INFY,Mar 2014,+,-,-,REINVESTOR
INFY,Mar 2015,+,+,-,SHAREHOLDER_RETURNS
INFY,Mar 2016,+,-,-,REINVESTOR
INFY,Mar 2017,+,-,-,REINVESTOR
INFY,Mar 2018,+,+,-,SHAREHOLDER_RETURNS
INFY,Mar 2019,+,-,-,REINVESTOR
INFY,Mar 2020,+,-,-,REINVESTOR
INFY,Mar 2021,+,-,-,REINVESTOR
INFY,Mar 2022,+,-,-,REINVESTOR
INFY,Mar 2023,+,-,-,REINVESTOR
INFY,Mar 2024,+,-,-,REINVESTOR
IOC,Mar 2013,+,-,+,GROWTH_FINANCING
IOC,Mar 2014,+,-,-,REINVESTOR
IOC,Mar 2015,+,-,-,REINVESTOR
IOC,Mar 2016,+,-,-,REINVESTOR
IOC,Mar 2017,+,-,-,REINVESTOR
IOC,Mar 2018,+,-,-,REINVESTOR
IOC,Mar 2019,+,-,+,GROWTH_FINANCING
IOC,Mar 2020,+,-,+,GROWTH_FINANCING
IOC,Mar 2021,+,-,-,REINVESTOR
IOC,Mar 2022,+,-,-,REINVESTOR
IOC,Mar 2023,+,-,-,REINVESTOR
IOC,Mar 2024,+,-,-,REINVESTOR
IRCTC,Mar 2015,+,-,-,REINVESTOR
IRCTC,Mar 2016,+,+,-,SHAREHOLDER_RETURNS
IRCTC,Mar 2017,+,+,-,SHAREHOLDER_RETURNS
IRCTC,Mar 2018,+,+,-,SHAREHOLDER_RETURNS
IRCTC,Mar 2019,+,-,-,REINVESTOR
IRCTC,Mar 2020,+,+,-,SHAREHOLDER_RETURNS
IRCTC,Mar 2021,+,-,-,REINVESTOR
IRCTC,Mar 2022,+,-,-,REINVESTOR
IRCTC,Mar 2023,+,-,-,REINVESTOR
IRCTC,Mar 2024,+,-,-,REINVESTOR
IRFC,Mar 2016,-,+,+,EXTERNAL_FUNDING
IRFC,Mar 2017,-,+,+,EXTERNAL_FUNDING
IRFC,Mar 2018,-,+,+,EXTERNAL_FUNDING
IRFC,Mar 2019,-,+,+,EXTERNAL_FUNDING
IRFC,Mar 2020,-,+,+,EXTERNAL_FUNDING
IRFC,Mar 2021,-,+,+,EXTERNAL_FUNDING
IRFC,Mar 2022,-,-,+,DISTRESS
IRFC,Mar 2023,-,+,+,EXTERNAL_FUNDING
IRFC,Mar 2024,+,-,-,REINVESTOR
ITC,Mar 2013,+,-,-,REINVESTOR
ITC,Mar 2014,+,-,-,REINVESTOR
ITC,Mar 2015,+,-,-,REINVESTOR
ITC,Mar 2016,+,-,-,REINVESTOR
ITC,Mar 2017,+,-,-,REINVESTOR
ITC,Mar 2018,+,-,-,REINVESTOR
ITC,Mar 2019,+,-,-,REINVESTOR
ITC,Mar 2020,+,-,-,REINVESTOR
ITC,Mar 2021,+,+,-,SHAREHOLDER_RETURNS
ITC,Mar 2022,+,-,-,REINVESTOR
ITC,Mar 2023,+,-,-,REINVESTOR
ITC,Mar 2024,+,+,-,SHAREHOLDER_RETURNS
JINDALSTEL,Mar 2013,+,-,+,GROWTH_FINANCING
JINDALSTEL,Mar 2014,+,-,+,GROWTH_FINANCING
JINDALSTEL,Mar 2015,+,-,+,GROWTH_FINANCING
JINDALSTEL,Mar 2016,+,-,-,REINVESTOR
JINDALSTEL,Mar 2017,+,-,-,REINVESTOR
JINDALSTEL,Mar 2018,+,-,-,REINVESTOR
JINDALSTEL,Mar 2019,+,-,-,REINVESTOR
JINDALSTEL,Mar 2020,+,-,-,REINVESTOR
JINDALSTEL,Mar 2021,+,-,-,REINVESTOR
JINDALSTEL,Mar 2022,+,-,-,REINVESTOR
JINDALSTEL,Mar 2023,+,-,-,REINVESTOR
JINDALSTEL,Mar 2024,+,-,+,GROWTH_FINANCING
JIOFIN,Mar 2023,+,-,-,REINVESTOR
JIOFIN,Mar 2024,-,+,-,ASSET_LIQUIDATION
JSWENERGY,Mar 2013,+,-,-,REINVESTOR
JSWENERGY,Mar 2014,+,-,-,REINVESTOR
JSWENERGY,Mar 2015,+,-,-,REINVESTOR
JSWENERGY,Mar 2016,+,-,-,REINVESTOR
JSWENERGY,Mar 2017,+,-,-,REINVESTOR
JSWENERGY,Mar 2018,+,-,-,REINVESTOR
JSWENERGY,Mar 2019,+,-,-,REINVESTOR
JSWENERGY,Mar 2020,+,+,-,SHAREHOLDER_RETURNS
JSWENERGY,Mar 2021,+,-,-,REINVESTOR
JSWENERGY,Mar 2022,+,-,-,REINVESTOR
JSWENERGY,Mar 2023,+,-,+,GROWTH_FINANCING
JSWENERGY,Mar 2024,+,-,+,GROWTH_FINANCING
JSWSTEEL,Mar 2013,+,-,-,REINVESTOR
JSWSTEEL,Mar 2014,+,-,+,GROWTH_FINANCING
JSWSTEEL,Mar 2015,+,-,-,REINVESTOR
JSWSTEEL,Mar 2016,+,-,-,REINVESTOR
JSWSTEEL,Mar 2017,+,-,-,REINVESTOR
JSWSTEEL,Mar 2018,+,-,-,REINVESTOR
JSWSTEEL,Mar 2019,+,-,+,GROWTH_FINANCING
JSWSTEEL,Mar 2020,+,-,+,GROWTH_FINANCING
JSWSTEEL,Mar 2021,+,-,-,REINVESTOR
JSWSTEEL,Mar 2022,+,-,-,REINVESTOR
JSWSTEEL,Mar 2023,+,-,-,REINVESTOR
JSWSTEEL,Mar 2024,+,-,-,REINVESTOR
KOTAKBANK,Mar 2013,+,-,+,GROWTH_FINANCING
KOTAKBANK,Mar 2014,+,-,-,REINVESTOR
KOTAKBANK,Mar 2015,+,-,+,GROWTH_FINANCING
KOTAKBANK,Mar 2016,+,-,+,GROWTH_FINANCING
KOTAKBANK,Mar 2017,+,-,+,GROWTH_FINANCING
KOTAKBANK,Mar 2018,-,-,+,DISTRESS
KOTAKBANK,Mar 2019,+,-,+,GROWTH_FINANCING
KOTAKBANK,Mar 2020,+,-,-,REINVESTOR
KOTAKBANK,Mar 2021,+,-,-,REINVESTOR
KOTAKBANK,Mar 2022,+,-,+,GROWTH_FINANCING
KOTAKBANK,Mar 2023,-,-,+,DISTRESS
KOTAKBANK,Mar 2024,+,-,+,GROWTH_FINANCING
LICI,Mar 2019,+,+,-,SHAREHOLDER_RETURNS
LICI,Mar 2020,+,-,-,REINVESTOR
LICI,Mar 2021,+,+,-,SHAREHOLDER_RETURNS
LICI,Mar 2022,-,+,+,EXTERNAL_FUNDING
LICI,Mar 2023,+,-,-,REINVESTOR
LICI,Mar 2024,+,-,-,REINVESTOR
LODHA,Mar 2016,+,-,+,GROWTH_FINANCING
LODHA,Mar 2017,+,-,-,REINVESTOR
LODHA,Mar 2018,+,-,+,GROWTH_FINANCING
LODHA,Mar 2019,-,-,+,DISTRESS
LODHA,Mar 2020,+,+,-,SHAREHOLDER_RETURNS
LODHA,Mar 2021,+,+,-,SHAREHOLDER_RETURNS
LODHA,Mar 2022,+,+,-,SHAREHOLDER_RETURNS
LODHA,Mar 2023,+,+,-,SHAREHOLDER_RETURNS
LODHA,Mar 2024,+,-,+,GROWTH_FINANCING
LT,Mar 2013,-,-,+,DISTRESS
LT,Mar 2014,-,-,+,DISTRESS
LT,Mar 2015,-,-,+,DISTRESS
LT,Mar 2016,-,-,+,DISTRESS
LT,Mar 2017,+,-,+,GROWTH_FINANCING
LT,Mar 2018,-,+,+,EXTERNAL_FUNDING
LT,Mar 2019,-,-,+,DISTRESS
LT,Mar 2020,+,-,+,GROWTH_FINANCING
LT,Mar 2021,+,-,-,REINVESTOR
LT,Mar 2022,+,-,-,REINVESTOR
LT,Mar 2023,+,-,-,REINVESTOR
LT,Mar 2024,+,+,-,SHAREHOLDER_RETURNS
LTIM,Mar 2013,+,-,-,REINVESTOR
LTIM,Mar 2014,+,+,-,SHAREHOLDER_RETURNS
LTIM,Mar 2015,+,-,-,REINVESTOR
LTIM,Mar 2016,+,-,-,REINVESTOR
LTIM,Mar 2017,+,-,-,REINVESTOR
LTIM,Mar 2018,+,-,-,REINVESTOR
LTIM,Mar 2019,+,-,-,REINVESTOR
LTIM,Mar 2020,+,-,-,REINVESTOR
LTIM,Mar 2021,+,-,-,REINVESTOR
LTIM,Mar 2022,+,-,-,REINVESTOR
LTIM,Mar 2023,+,-,-,REINVESTOR
LTIM,Mar 2024,+,-,-,REINVESTOR
M&M,Mar 2013,-,-,+,DISTRESS
M&M,Mar 2014,-,-,+,DISTRESS
M&M,Mar 2015,+,-,+,GROWTH_FINANCING
M&M,Mar 2016,+,-,+,GROWTH_FINANCING
M&M,Mar 2017,+,-,+,GROWTH_FINANCING
M&M,Mar 2018,+,-,+,GROWTH_FINANCING
M&M,Mar 2019,-,-,+,DISTRESS
M&M,Mar 2020,-,-,+,DISTRESS
M&M,Mar 2021,+,-,+,GROWTH_FINANCING
M&M,Mar 2022,+,-,-,REINVESTOR
M&M,Mar 2023,-,-,+,DISTRESS
M&M,Mar 2024,-,-,+,DISTRESS
MARUTI,Mar 2013,+,-,-,REINVESTOR
MARUTI,Mar 2014,+,-,-,REINVESTOR
MARUTI,Mar 2015,+,-,-,REINVESTOR
MARUTI,Mar 2016,+,-,-,REINVESTOR
MARUTI,Mar 2017,+,-,-,REINVESTOR
MARUTI,Mar 2018,+,-,-,REINVESTOR
MARUTI,Mar 2019,+,-,-,REINVESTOR
MARUTI,Mar 2020,+,-,-,REINVESTOR
MARUTI,Mar 2021,+,-,-,REINVESTOR
MARUTI,Mar 2022,+,-,-,REINVESTOR
MARUTI,Mar 2023,+,-,-,REINVESTOR
MARUTI,Mar 2024,+,-,-,REINVESTOR
MOTHERSON,Mar 2013,+,-,-,REINVESTOR
MOTHERSON,Mar 2014,+,-,-,REINVESTOR
MOTHERSON,Mar 2015,+,-,+,GROWTH_FINANCING
MOTHERSON,Mar 2016,+,-,-,REINVESTOR
MOTHERSON,Mar 2017,+,-,+,GROWTH_FINANCING
MOTHERSON,Mar 2018,+,-,-,REINVESTOR
MOTHERSON,Mar 2019,+,-,-,REINVESTOR
MOTHERSON,Mar 2020,+,-,-,REINVESTOR
MOTHERSON,Mar 2021,+,-,-,REINVESTOR
MOTHERSON,Mar 2022,+,-,-,REINVESTOR
MOTHERSON,Mar 2023,+,-,-,REINVESTOR
MOTHERSON,Mar 2024,+,-,+,GROWTH_FINANCING
NAUKRI,Mar 2013,+,-,-,REINVESTOR
NAUKRI,Mar 2014,+,-,+,GROWTH_FINANCING
NAUKRI,Mar 2015,+,-,+,GROWTH_FINANCING
NAUKRI,Mar 2016,+,-,-,REINVESTOR
NAUKRI,Mar 2017,+,-,-,REINVESTOR
NAUKRI,Mar 2018,+,-,-,REINVESTOR
NAUKRI,Mar 2019,+,-,-,REINVESTOR
NAUKRI,Mar 2020,+,+,-,SHAREHOLDER_RETURNS
NAUKRI,Mar 2021,+,-,+,GROWTH_FINANCING
NAUKRI,Mar 2022,+,-,+,GROWTH_FINANCING
NAUKRI,Mar 2023,+,-,+,GROWTH_FINANCING
NAUKRI,Mar 2024,+,-,+,GROWTH_FINANCING
NESTLEIND,Dec 2013,+,-,-,REINVESTOR
NESTLEIND,Dec 2014,+,-,-,REINVESTOR
NESTLEIND,Dec 2015,+,-,-,REINVESTOR
NESTLEIND,Dec 2016,+,-,-,REINVESTOR
NESTLEIND,Dec 2017,+,-,-,REINVESTOR
NESTLEIND,Dec 2018,+,-,-,REINVESTOR
NESTLEIND,Dec 2019,+,+,-,SHAREHOLDER_RETURNS
NESTLEIND,Dec 2020,+,-,-,REINVESTOR
NESTLEIND,Dec 2021,+,-,-,REINVESTOR
NESTLEIND,Dec 2022,+,-,-,REINVESTOR
NESTLEIND,Dec 2023,+,-,-,REINVESTOR
NESTLEIND,Mar 2024,+,-,-,REINVESTOR
NHPC,Mar 2013,+,-,-,REINVESTOR
NHPC,Mar 2014,+,-,-,REINVESTOR
NHPC,Mar 2015,+,-,-,REINVESTOR
NHPC,Mar 2016,+,-,-,REINVESTOR
NHPC,Mar 2017,+,-,-,REINVESTOR
NHPC,Mar 2018,+,-,-,REINVESTOR
NHPC,Mar 2019,+,-,-,REINVESTOR
NHPC,Mar 2020,+,-,+,GROWTH_FINANCING
NHPC,Mar 2021,+,-,-,REINVESTOR
NHPC,Mar 2022,+,-,-,REINVESTOR
NHPC,Mar 2023,+,-,-,REINVESTOR
NHPC,Mar 2024,+,-,-,REINVESTOR
NTPC,Mar 2013,+,-,+,GROWTH_FINANCING
NTPC,Mar 2014,+,-,-,REINVESTOR
NTPC,Mar 2015,+,-,-,REINVESTOR
NTPC,Mar 2016,+,-,-,REINVESTOR
NTPC,Mar 2017,+,-,+,GROWTH_FINANCING
NTPC,Mar 2018,+,-,+,GROWTH_FINANCING
NTPC,Mar 2019,+,-,+,GROWTH_FINANCING
NTPC,Mar 2020,+,-,+,GROWTH_FINANCING
NTPC,Mar 2021,+,-,-,REINVESTOR
NTPC,Mar 2022,+,-,-,REINVESTOR
NTPC,Mar 2023,+,-,-,REINVESTOR
NTPC,Mar 2024,+,-,-,REINVESTOR
ONGC,Mar 2013,+,-,-,REINVESTOR
ONGC,Mar 2014,+,-,+,GROWTH_FINANCING
ONGC,Mar 2015,+,-,-,REINVESTOR
ONGC,Mar 2016,+,-,-,REINVESTOR
ONGC,Mar 2017,+,-,-,REINVESTOR
ONGC,Mar 2018,+,-,+,GROWTH_FINANCING
ONGC,Mar 2019,+,-,-,REINVESTOR
ONGC,Mar 2020,+,-,-,REINVESTOR
ONGC,Mar 2021,+,-,-,REINVESTOR
ONGC,Mar 2022,+,-,-,REINVESTOR
ONGC,Mar 2023,+,-,-,REINVESTOR
ONGC,Mar 2024,+,-,-,REINVESTOR
PFC,Mar 2013,-,+,+,EXTERNAL_FUNDING
PFC,Mar 2014,-,+,+,EXTERNAL_FUNDING
PFC,Mar 2015,-,-,+,DISTRESS
PFC,Mar 2016,-,-,+,DISTRESS
PFC,Mar 2017,+,-,+,GROWTH_FINANCING
PFC,Mar 2018,-,+,+,EXTERNAL_FUNDING
PFC,Mar 2019,-,-,+,DISTRESS
PFC,Mar 2020,-,-,+,DISTRESS
PFC,Mar 2021,-,+,+,EXTERNAL_FUNDING
PFC,Mar 2022,+,-,-,REINVESTOR
PFC,Mar 2023,-,-,+,DISTRESS
PFC,Mar 2024,-,-,+,DISTRESS
PIDILITIND,Mar 2013,+,-,-,REINVESTOR
PIDILITIND,Mar 2014,+,-,-,REINVESTOR
PIDILITIND,Mar 2015,+,-,-,REINVESTOR
PIDILITIND,Mar 2016,+,-,-,REINVESTOR
PIDILITIND,Mar 2017,+,-,+,GROWTH_FINANCING
PIDILITIND,Mar 2018,+,+,-,SHAREHOLDER_RETURNS
PIDILITIND,Mar 2019,+,-,-,REINVESTOR
PIDILITIND,Mar 2020,+,+,-,SHAREHOLDER_RETURNS
PIDILITIND,Mar 2021,+,-,-,REINVESTOR
PIDILITIND,Mar 2022,+,-,-,REINVESTOR
PIDILITIND,Mar 2023,+,-,-,REINVESTOR
PIDILITIND,Mar 2024,+,-,-,REINVESTOR
PNB,Mar 2013,-,-,-,CASH_BURN
PNB,Mar 2014,+,-,+,GROWTH_FINANCING
PNB,Mar 2015,+,-,+,GROWTH_FINANCING
PNB,Mar 2016,+,-,+,GROWTH_FINANCING
PNB,Mar 2017,+,+,-,SHAREHOLDER_RETURNS
PNB,Mar 2018,-,+,+,EXTERNAL_FUNDING
PNB,Mar 2019,-,-,+,DISTRESS
PNB,Mar 2020,-,-,+,DISTRESS
PNB,Mar 2021,+,-,+,GROWTH_FINANCING
PNB,Mar 2022,+,-,+,GROWTH_FINANCING
PNB,Mar 2023,+,-,+,GROWTH_FINANCING
PNB,Mar 2024,-,-,+,DISTRESS
POWERGRID,Mar 2013,+,-,+,GROWTH_FINANCING
POWERGRID,Mar 2014,+,-,+,GROWTH_FINANCING
POWERGRID,Mar 2015,+,-,+,GROWTH_FINANCING
POWERGRID,Mar 2016,+,-,+,GROWTH_FINANCING
POWERGRID,Mar 2017,+,-,+,GROWTH_FINANCING
POWERGRID,Mar 2018,+,-,+,GROWTH_FINANCING
POWERGRID,Mar 2019,+,-,-,REINVESTOR
POWERGRID,Mar 2020,+,-,-,REINVESTOR
POWERGRID,Mar 2021,+,-,-,REINVESTOR
POWERGRID,Mar 2022,+,+,-,SHAREHOLDER_RETURNS
POWERGRID,Mar 2023,+,-,-,REINVESTOR
POWERGRID,Mar 2024,+,-,-,REINVESTOR
RECLTD,Mar 2013,-,+,+,EXTERNAL_FUNDING
RECLTD,Mar 2014,-,+,+,EXTERNAL_FUNDING
RECLTD,Mar 2015,-,+,+,EXTERNAL_FUNDING
RECLTD,Mar 2016,-,-,+,DISTRESS
RECLTD,Mar 2017,+,-,-,REINVESTOR
RECLTD,Mar 2018,-,+,+,EXTERNAL_FUNDING
RECLTD,Mar 2019,-,+,+,EXTERNAL_FUNDING
RECLTD,Mar 2020,-,+,+,EXTERNAL_FUNDING
RECLTD,Mar 2021,-,+,+,EXTERNAL_FUNDING
RECLTD,Mar 2022,-,-,+,DISTRESS
RECLTD,Mar 2023,-,-,+,DISTRESS
RECLTD,Mar 2024,-,-,+,DISTRESS
RELIANCE,Mar 2013,+,-,+,GROWTH_FINANCING
RELIANCE,Mar 2014,+,-,+,GROWTH_FINANCING
RELIANCE,Mar 2015,+,-,+,GROWTH_FINANCING
RELIANCE,Mar 2016,+,-,-,REINVESTOR
RELIANCE,Mar 2017,+,-,+,GROWTH_FINANCING
RELIANCE,Mar 2018,+,-,-,REINVESTOR
RELIANCE,Mar 2019,+,-,+,GROWTH_FINANCING
RELIANCE,Mar 2020,+,-,-,REINVESTOR
RELIANCE,Mar 2021,+,-,+,GROWTH_FINANCING
RELIANCE,Mar 2022,+,-,+,GROWTH_FINANCING
RELIANCE,Mar 2023,+,-,+,GROWTH_FINANCING
RELIANCE,Mar 2024,+,-,-,REINVESTOR
SBILIFE,Mar 2013,+,-,-,REINVESTOR
SBILIFE,Mar 2014,+,-,-,REINVESTOR
SBILIFE,Mar 2015,+,-,-,REINVESTOR
SBILIFE,Mar 2016,+,-,-,REINVESTOR
SBILIFE,Mar 2017,+,-,-,REINVESTOR
SBILIFE,Mar 2018,+,-,-,REINVESTOR
SBILIFE,Mar 2019,+,-,-,REINVESTOR
SBILIFE,Mar 2020,+,-,-,REINVESTOR
SBILIFE,Mar 2021,+,-,+,GROWTH_FINANCING
SBILIFE,Mar 2022,+,-,-,REINVESTOR
SBILIFE,Mar 2023,+,-,-,REINVESTOR
SBILIFE,Mar 2024,+,-,-,REINVESTOR
SBIN,Mar 2013,+,-,-,REINVESTOR
SBIN,Mar 2014,+,-,+,GROWTH_FINANCING
SBIN,Mar 2015,+,-,-,REINVESTOR
SBIN,Mar 2016,+,-,+,GROWTH_FINANCING
SBIN,Mar 2017,+,-,-,REINVESTOR
SBIN,Mar 2018,-,+,+,EXTERNAL_FUNDING
SBIN,Mar 2019,+,+,+,CASH_ACCUMULATION
SBIN,Mar 2020,+,-,+,GROWTH_FINANCING
SBIN,Mar 2021,+,-,+,GROWTH_FINANCING
SBIN,Mar 2022,+,-,-,REINVESTOR
SBIN,Mar 2023,-,-,+,DISTRESS
SBIN,Mar 2024,+,-,-,REINVESTOR
SHREECEM,Jun 2013,+,-,-,REINVESTOR
SHREECEM,Jun 2014,+,-,-,REINVESTOR
SHREECEM,Jun 2015,+,-,-,REINVESTOR
SHREECEM,Mar 2016,+,-,-,REINVESTOR
SHREECEM,Mar 2017,+,-,-,REINVESTOR
SHREECEM,Mar 2018,+,-,+,GROWTH_FINANCING
SHREECEM,Mar 2019,+,-,-,REINVESTOR
SHREECEM,Mar 2020,+,-,+,GROWTH_FINANCING
SHREECEM,Mar 2021,+,-,-,REINVESTOR
SHREECEM,Mar 2022,+,-,-,REINVESTOR
SHREECEM,Mar 2023,+,-,-,REINVESTOR
SHREECEM,Mar 2024,+,-,-,REINVESTOR
SHRIRAMFIN,Mar 2013,-,-,+,DISTRESS
SHRIRAMFIN,Mar 2014,-,-,+,DISTRESS
SHRIRAMFIN,Mar 2015,-,-,+,DISTRESS
SHRIRAMFIN,Mar 2016,-,-,+,DISTRESS
SHRIRAMFIN,Mar 2017,-,-,+,DISTRESS
SHRIRAMFIN,Mar 2018,-,+,+,EXTERNAL_FUNDING
SHRIRAMFIN,Mar 2019,-,-,+,DISTRESS
SHRIRAMFIN,Mar 2020,-,-,+,DISTRESS
SHRIRAMFIN,Mar 2021,-,-,+,DISTRESS
SHRIRAMFIN,Mar 2022,-,-,+,DISTRESS
SHRIRAMFIN,Mar 2023,-,+,+,EXTERNAL_FUNDING
SHRIRAMFIN,Mar 2024,-,-,+,DISTRESS
SIEMENS,Sep 2011,+,+,-,SHAREHOLDER_RETURNS
SIEMENS,Sep 2014,+,+,-,SHAREHOLDER_RETURNS
SIEMENS,Sep 2015,+,+,-,SHAREHOLDER_RETURNS
SIEMENS,Sep 2016,+,+,-,SHAREHOLDER_RETURNS
SIEMENS,Sep 2017,+,+,-,SHAREHOLDER_RETURNS
SIEMENS,Sep 2018,+,-,-,REINVESTOR
SIEMENS,Sep 2019,+,-,-,REINVESTOR
SIEMENS,Sep 2020,+,+,-,SHAREHOLDER_RETURNS
SIEMENS,Sep 2021,+,-,-,REINVESTOR
SIEMENS,Sep 2022,+,-,-,REINVESTOR
SIEMENS,Sep 2023,+,-,-,REINVESTOR
SIEMENS,Sep 2024,+,-,-,REINVESTOR
SUNPHARMA,Mar 2013,+,-,-,REINVESTOR
SUNPHARMA,Mar 2014,+,-,+,GROWTH_FINANCING
SUNPHARMA,Mar 2015,+,-,-,REINVESTOR
SUNPHARMA,Mar 2016,+,-,-,REINVESTOR
SUNPHARMA,Mar 2017,+,-,-,REINVESTOR
SUNPHARMA,Mar 2018,+,-,-,REINVESTOR
SUNPHARMA,Mar 2019,+,-,-,REINVESTOR
SUNPHARMA,Mar 2020,+,-,-,REINVESTOR
SUNPHARMA,Mar 2021,+,+,-,SHAREHOLDER_RETURNS
SUNPHARMA,Mar 2022,+,-,-,REINVESTOR
SUNPHARMA,Mar 2023,+,-,+,GROWTH_FINANCING
SUNPHARMA,Mar 2024,+,-,-,REINVESTOR
TATACONSUM,Mar 2013,+,+,+,CASH_ACCUMULATION
TATACONSUM,Mar 2014,+,-,-,REINVESTOR
TATACONSUM,Mar 2015,+,-,-,REINVESTOR
TATACONSUM,Mar 2016,+,+,-,SHAREHOLDER_RETURNS
TATACONSUM,Mar 2017,+,+,-,SHAREHOLDER_RETURNS
TATACONSUM,Mar 2018,+,-,-,REINVESTOR
TATACONSUM,Mar 2019,+,+,-,SHAREHOLDER_RETURNS
TATACONSUM,Mar 2020,+,-,-,REINVESTOR
TATACONSUM,Mar 2021,+,-,-,REINVESTOR
TATACONSUM,Mar 2022,+,-,-,REINVESTOR
TATACONSUM,Mar 2023,+,-,-,REINVESTOR
TATACONSUM,Mar 2024,+,-,+,GROWTH_FINANCING
TATAMOTORS,Mar 2013,+,-,-,REINVESTOR
TATAMOTORS,Mar 2014,+,-,-,REINVESTOR
TATAMOTORS,Mar 2015,+,-,+,GROWTH_FINANCING
TATAMOTORS,Mar 2016,+,-,-,REINVESTOR
TATAMOTORS,Mar 2017,+,-,+,GROWTH_FINANCING
TATAMOTORS,Mar 2018,+,-,+,GROWTH_FINANCING
TATAMOTORS,Mar 2019,+,-,+,GROWTH_FINANCING
TATAMOTORS,Mar 2020,+,-,+,GROWTH_FINANCING
TATAMOTORS,Mar 2021,+,-,+,GROWTH_FINANCING
TATAMOTORS,Mar 2022,+,-,-,REINVESTOR
TATAMOTORS,Mar 2023,+,-,-,REINVESTOR
TATAMOTORS,Mar 2024,+,-,-,REINVESTOR
TATAPOWER,Mar 2013,+,-,-,REINVESTOR
TATAPOWER,Mar 2014,+,-,-,REINVESTOR
TATAPOWER,Mar 2015,+,-,-,REINVESTOR
TATAPOWER,Mar 2016,+,-,-,REINVESTOR
TATAPOWER,Mar 2017,+,-,+,GROWTH_FINANCING
TATAPOWER,Mar 2018,+,-,-,REINVESTOR
TATAPOWER,Mar 2019,+,-,-,REINVESTOR
TATAPOWER,Mar 2020,+,-,-,REINVESTOR
TATAPOWER,Mar 2021,+,+,-,SHAREHOLDER_RETURNS
TATAPOWER,Mar 2022,+,-,-,REINVESTOR
TATAPOWER,Mar 2023,+,-,+,GROWTH_FINANCING
TATAPOWER,Mar 2024,+,-,-,REINVESTOR
TATASTEEL,Mar 2013,+,-,-,REINVESTOR
TATASTEEL,Mar 2014,+,-,+,GROWTH_FINANCING
TATASTEEL,Mar 2015,+,-,-,REINVESTOR
TATASTEEL,Mar 2016,+,-,-,REINVESTOR
TATASTEEL,Mar 2017,+,-,-,REINVESTOR
TATASTEEL,Mar 2018,+,-,+,GROWTH_FINANCING
TATASTEEL,Mar 2019,+,-,-,REINVESTOR
TATASTEEL,Mar 2020,+,-,-,REINVESTOR
TATASTEEL,Mar 2021,+,-,-,REINVESTOR
TATASTEEL,Mar 2022,+,-,-,REINVESTOR
TATASTEEL,Mar 2023,+,-,-,REINVESTOR
TATASTEEL,Mar 2024,+,-,-,REINVESTOR
TCS,Mar 2013,+,-,-,REINVESTOR
TCS,Mar 2014,+,-,-,REINVESTOR
TCS,Mar 2015,+,-,-,REINVESTOR
TCS,Mar 2016,+,-,-,REINVESTOR
TCS,Mar 2017,+,-,-,REINVESTOR
TCS,Mar 2018,+,+,-,SHAREHOLDER_RETURNS
TCS,Mar 2019,+,+,-,SHAREHOLDER_RETURNS
TCS,Mar 2020,+,+,-,SHAREHOLDER_RETURNS
TCS,Mar 2021,+,-,-,REINVESTOR
TCS,Mar 2022,+,-,-,REINVESTOR
TCS,Mar 2023,+,+,-,SHAREHOLDER_RETURNS
TCS,Mar 2024,+,+,-,SHAREHOLDER_RETURNS
TCS,Mar-13,+,-,-,REINVESTOR
TCS,Mar-14,+,-,-,REINVESTOR
TCS,Mar-15,+,-,-,REINVESTOR
TCS,Mar-16,+,-,-,REINVESTOR
TCS,Mar-17,+,-,-,REINVESTOR
TCS,Mar-18,+,+,-,SHAREHOLDER_RETURNS
TCS,Mar-19,+,+,-,SHAREHOLDER_RETURNS
TCS,Mar-20,+,+,-,SHAREHOLDER_RETURNS
TCS,Mar-21,+,-,-,REINVESTOR
TCS,Mar-22,+,-,-,REINVESTOR
TCS,Mar-23,+,+,-,SHAREHOLDER_RETURNS
TCS,Mar-24,+,+,-,SHAREHOLDER_RETURNS
TECHM,Mar 2013,+,-,+,GROWTH_FINANCING
TECHM,Mar 2014,+,+,-,SHAREHOLDER_RETURNS
TECHM,Mar 2015,+,-,-,REINVESTOR
TECHM,Mar 2016,+,-,-,REINVESTOR
TECHM,Mar 2017,+,-,-,REINVESTOR
TECHM,Mar 2018,+,-,-,REINVESTOR
TECHM,Mar 2019,+,-,-,REINVESTOR
TECHM,Mar 2020,+,+,-,SHAREHOLDER_RETURNS
TECHM,Mar 2021,+,-,-,REINVESTOR
TECHM,Mar 2022,+,+,-,SHAREHOLDER_RETURNS
TECHM,Mar 2023,+,-,-,REINVESTOR
TECHM,Mar 2024,+,-,-,REINVESTOR
TITAN,Mar 2013,+,-,-,REINVESTOR
TITAN,Mar 2014,-,-,+,DISTRESS
TITAN,Mar 2015,+,-,-,REINVESTOR
TITAN,Mar 2016,+,-,-,REINVESTOR
TITAN,Mar 2017,+,-,-,REINVESTOR
TITAN,Mar 2018,-,+,-,ASSET_LIQUIDATION
TITAN,Mar 2019,+,-,-,REINVESTOR
TITAN,Mar 2020,-,+,-,ASSET_LIQUIDATION
TITAN,Mar 2021,+,-,-,REINVESTOR
TITAN,Mar 2022,-,+,-,ASSET_LIQUIDATION
TITAN,Mar 2023,+,-,+,GROWTH_FINANCING
TITAN,Mar 2024,+,-,-,REINVESTOR
TORNTPHARM,Mar 2013,+,-,+,GROWTH_FINANCING
TORNTPHARM,Mar 2014,+,-,+,GROWTH_FINANCING
TORNTPHARM,Mar 2015,+,-,+,GROWTH_FINANCING
TORNTPHARM,Mar 2016,+,-,-,REINVESTOR
TORNTPHARM,Mar 2017,+,-,-,REINVESTOR
TORNTPHARM,Mar 2018,+,-,+,GROWTH_FINANCING
TORNTPHARM,Mar 2019,+,-,-,REINVESTOR
TORNTPHARM,Mar 2020,+,+,-,SHAREHOLDER_RETURNS
TORNTPHARM,Mar 2021,+,-,-,REINVESTOR
TORNTPHARM,Mar 2022,+,-,-,REINVESTOR
TORNTPHARM,Mar 2023,+,-,+,GROWTH_FINANCING
TORNTPHARM,Mar 2024,+,-,-,REINVESTOR
TRENT,Mar 2013,+,-,+,GROWTH_FINANCING
TRENT,Mar 2014,-,-,-,CASH_BURN
TRENT,Mar 2015,-,-,+,DISTRESS
TRENT,Mar 2016,+,-,-,REINVESTOR
TRENT,Mar 2017,+,-,-,REINVESTOR
TRENT,Mar 2018,+,-,-,REINVESTOR
TRENT,Mar 2019,+,-,+,GROWTH_FINANCING
TRENT,Mar 2020,+,-,+,GROWTH_FINANCING
TRENT,Mar 2021,+,+,-,SHAREHOLDER_RETURNS
TRENT,Mar 2022,+,+,-,SHAREHOLDER_RETURNS
TRENT,Mar 2023,+,-,-,REINVESTOR
TRENT,Mar 2024,+,-,-,REINVESTOR
TVSMOTOR,Mar 2013,+,-,-,REINVESTOR
TVSMOTOR,Mar 2014,+,-,-,REINVESTOR
TVSMOTOR,Mar 2015,+,-,+,GROWTH_FINANCING
TVSMOTOR,Mar 2016,+,-,-,REINVESTOR
TVSMOTOR,Mar 2017,+,-,-,REINVESTOR
TVSMOTOR,Mar 2018,+,-,+,GROWTH_FINANCING
TVSMOTOR,Mar 2019,-,-,+,DISTRESS
TVSMOTOR,Mar 2020,+,-,+,GROWTH_FINANCING
TVSMOTOR,Mar 2021,+,-,+,GROWTH_FINANCING
TVSMOTOR,Mar 2022,-,-,+,DISTRESS
TVSMOTOR,Mar 2023,-,-,+,DISTRESS
TVSMOTOR,Mar 2024,-,-,+,DISTRESS
ULTRACEMCO,Mar 2013,+,-,+,GROWTH_FINANCING
ULTRACEMCO,Mar 2014,+,-,-,REINVESTOR
ULTRACEMCO,Mar 2015,+,-,-,REINVESTOR
ULTRACEMCO,Mar 2016,+,-,-,REINVESTOR
ULTRACEMCO,Mar 2017,+,-,-,REINVESTOR
ULTRACEMCO,Mar 2018,+,+,-,SHAREHOLDER_RETURNS
ULTRACEMCO,Mar 2019,+,+,-,SHAREHOLDER_RETURNS
ULTRACEMCO,Mar 2020,+,-,-,REINVESTOR
ULTRACEMCO,Mar 2021,+,-,-,REINVESTOR
ULTRACEMCO,Mar 2022,+,+,-,SHAREHOLDER_RETURNS
ULTRACEMCO,Mar 2023,+,-,-,REINVESTOR
ULTRACEMCO,Mar 2024,+,-,-,REINVESTOR
UNIONBANK,Mar 2013,-,-,+,DISTRESS
UNIONBANK,Mar 2014,+,-,+,GROWTH_FINANCING
UNIONBANK,Mar 2015,-,-,+,DISTRESS
UNIONBANK,Mar 2016,+,-,-,REINVESTOR
UNIONBANK,Mar 2017,-,-,+,DISTRESS
UNIONBANK,Mar 2018,+,-,+,GROWTH_FINANCING
UNIONBANK,Mar 2019,-,-,+,DISTRESS
UNIONBANK,Mar 2020,-,-,+,DISTRESS
UNIONBANK,Mar 2021,+,-,-,REINVESTOR
UNIONBANK,Mar 2022,+,-,-,REINVESTOR
UNIONBANK,Mar 2023,+,-,-,REINVESTOR
UNIONBANK,Mar 2024,+,-,-,REINVESTOR
UNITDSPR,Mar 2013,+,-,-,REINVESTOR
UNITDSPR,Mar 2014,-,-,+,DISTRESS
UNITDSPR,Mar 2015,-,+,-,ASSET_LIQUIDATION
UNITDSPR,Mar 2016,+,+,-,SHAREHOLDER_RETURNS
UNITDSPR,Mar 2017,+,-,-,REINVESTOR
UNITDSPR,Mar 2018,+,+,-,SHAREHOLDER_RETURNS
UNITDSPR,Mar 2019,+,-,-,REINVESTOR
UNITDSPR,Mar 2020,+,-,-,REINVESTOR
UNITDSPR,Mar 2021,+,-,-,REINVESTOR
UNITDSPR,Mar 2022,+,-,-,REINVESTOR
UNITDSPR,Mar 2023,+,-,-,REINVESTOR
UNITDSPR,Mar 2024,+,+,-,SHAREHOLDER_RETURNS
VBL,Dec 2012,+,-,+,GROWTH_FINANCING
VBL,Dec 2013,+,-,+,GROWTH_FINANCING
VBL,Dec 2014,+,-,+,GROWTH_FINANCING
VBL,Dec 2015,+,-,-,REINVESTOR
VBL,Dec 2016,+,-,+,GROWTH_FINANCING
VBL,Dec 2017,+,-,+,GROWTH_FINANCING
VBL,Dec 2018,+,-,-,REINVESTOR
VBL,Dec 2019,+,-,+,GROWTH_FINANCING
VBL,Dec 2020,+,-,-,REINVESTOR
VBL,Dec 2021,+,-,-,REINVESTOR
VBL,Dec 2022,+,-,-,REINVESTOR
VBL,Dec 2023,+,-,+,GROWTH_FINANCING
VEDL,Mar 2013,+,-,+,GROWTH_FINANCING
VEDL,Mar 2014,+,-,-,REINVESTOR
VEDL,Mar 2015,+,-,-,REINVESTOR
VEDL,Mar 2016,+,-,-,REINVESTOR
VEDL,Mar 2017,+,+,-,SHAREHOLDER_RETURNS
VEDL,Mar 2018,+,+,-,SHAREHOLDER_RETURNS
VEDL,Mar 2019,+,-,-,REINVESTOR
VEDL,Mar 2020,+,-,-,REINVESTOR
VEDL,Mar 2021,+,-,-,REINVESTOR
VEDL,Mar 2022,+,-,-,REINVESTOR
VEDL,Mar 2023,+,-,-,REINVESTOR
VEDL,Mar 2024,+,-,-,REINVESTOR
WIPRO,Mar 2013,+,-,-,REINVESTOR
WIPRO,Mar 2014,+,-,-,REINVESTOR
WIPRO,Mar 2015,+,-,-,REINVESTOR
WIPRO,Mar 2016,+,-,-,REINVESTOR
WIPRO,Mar 2017,+,-,-,REINVESTOR
WIPRO,Mar 2018,+,+,-,SHAREHOLDER_RETURNS
WIPRO,Mar 2019,+,+,-,SHAREHOLDER_RETURNS
WIPRO,Mar 2020,+,+,-,SHAREHOLDER_RETURNS
WIPRO,Mar 2021,+,+,-,SHAREHOLDER_RETURNS
WIPRO,Mar 2022,+,-,+,GROWTH_FINANCING
WIPRO,Mar 2023,+,-,-,REINVESTOR
WIPRO,Mar 2024,+,+,-,SHAREHOLDER_RETURNS
ZOMATO,Mar 2020,-,+,+,EXTERNAL_FUNDING
ZOMATO,Mar 2021,-,-,+,DISTRESS
ZOMATO,Mar 2022,-,-,+,DISTRESS
ZOMATO,Mar 2023,-,+,-,ASSET_LIQUIDATION
ZOMATO,Mar 2024,+,-,-,REINVESTOR
ZYDUSLIFE,Mar 2013,+,-,+,GROWTH_FINANCING
ZYDUSLIFE,Mar 2014,+,-,-,REINVESTOR
ZYDUSLIFE,Mar 2015,+,-,-,REINVESTOR
ZYDUSLIFE,Mar 2016,+,-,-,REINVESTOR
ZYDUSLIFE,Mar 2017,+,-,+,GROWTH_FINANCING
ZYDUSLIFE,Mar 2018,+,-,+,GROWTH_FINANCING
ZYDUSLIFE,Mar 2019,+,-,+,GROWTH_FINANCING
ZYDUSLIFE,Mar 2020,+,-,-,REINVESTOR
ZYDUSLIFE,Mar 2021,+,-,-,REINVESTOR
ZYDUSLIFE,Mar 2022,+,-,-,REINVESTOR
ZYDUSLIFE,Mar 2023,+,+,-,SHAREHOLDER_RETURNS
ZYDUSLIFE,Mar 2024,+,-,-,REINVESTOR
